python-4/_pyio-segmentation_fault	SIGSEGV	warnings_warn_impl@Python/_warnings.c:1184	warnings_warn_impl@Python/_warnings.c:1184;cfunction_vectorcall_FASTCALL_KEYWORDS@Objects/methodobject.c:465;_Py_VectorCallInstrumentation_StackRefSteal@Python/ceval.c:768;
python-4/asyncio_streams-segmentation_fault	SIGSEGV	warnings_warn_impl@Python/_warnings.c:1184	warnings_warn_impl@Python/_warnings.c:1184;cfunction_vectorcall_FASTCALL_KEYWORDS@Objects/methodobject.c:465;_Py_VectorCallInstrumentation_StackRefSteal@Python/ceval.c:768;
python-4/asyncio_threads-segmentation_fault	SIGSEGV	warnings_warn_impl@Python/_warnings.c:1184	warnings_warn_impl@Python/_warnings.c:1184;cfunction_vectorcall_FASTCALL_KEYWORDS@Objects/methodobject.c:465;_Py_VectorCallInstrumentation_StackRefSteal@Python/ceval.c:768;
python-4/asyncio_threads-segmentation_fault-2	SIGSEGV	warnings_warn_impl@Python/_warnings.c:1184	warnings_warn_impl@Python/_warnings.c:1184;cfunction_vectorcall_FASTCALL_KEYWORDS@Objects/methodobject.c:465;_Py_VectorCallInstrumentation_StackRefSteal@Python/ceval.c:768;
python-4/concurrent_futures_process-segmentation_fault	SIGABRT	fatal_error_exit@Python/pylifecycle.c:3517	fatal_error_exit@Python/pylifecycle.c:3517;fatal_error@Python/pylifecycle.c:3742;_Py_FatalErrorFunc@Python/pylifecycle.c:3765;
python-4/concurrent_interpreters__crossinterp-segmentation_fault	NOREPRO	?	;
python-4/importlib__bootstrap_external-segmentation_fault	SIGSEGV	warn_unicode@Python/_warnings.c:1335	warn_unicode@Python/_warnings.c:1335;PyErr_WarnEx@Python/_warnings.c:1408;_Py_BuiltinCallFastWithKeywords_StackRef@Python/ceval.c:841;
python-4/genericpath-segmentation_fault	SIGSEGV	warnings_warn_impl@Python/_warnings.c:1184	warnings_warn_impl@Python/_warnings.c:1184;cfunction_vectorcall_FASTCALL_KEYWORDS@Objects/methodobject.c:465;_Py_VectorCallInstrumentation_StackRefSteal@Python/ceval.c:768;
python-4/multiprocessing_resource_tracker-segmentation_fault	SIGSEGV	warn_unicode@Python/_warnings.c:1335	warn_unicode@Python/_warnings.c:1335;PyErr_WarnEx@Python/_warnings.c:1408;type_call@Objects/typeobject.c:2484;
python-4/urllib_parse-segmentation_fault	SIGSEGV	warnings_warn_impl@Python/_warnings.c:1184	warnings_warn_impl@Python/_warnings.c:1184;cfunction_vectorcall_FASTCALL_KEYWORDS@Objects/methodobject.c:465;_Py_VectorCallInstrumentation_StackRefSteal@Python/ceval.c:768;
python-4/xml_etree_cElementTree-segmentation_fault	NOREPRO	?	;
python-5/_ast-segmentation_fault	NOREPRO	?	;
python-5/_py_warnings-segmentation_fault	SIGSEGV	method_vectorcall_O@Objects/descrobject.c:476	method_vectorcall_O@Objects/descrobject.c:476;_Py_VectorCallInstrumentation_StackRefSteal@Python/ceval.c:768;_PyEval_EvalFrameDefault@Python/generated_cases.c.h:1906;
python-5/_codecs-segmentation_fault-exitcode1	SIGSEGV	warnings_warn_impl@Python/_warnings.c:1184	warnings_warn_impl@Python/_warnings.c:1184;cfunction_vectorcall_FASTCALL_KEYWORDS@Objects/methodobject.c:465;_Py_VectorCallInstrumentation_StackRefSteal@Python/ceval.c:768;
python-4/zipapp-segmentation_fault	SIGABRT	fatal_error_exit@Python/pylifecycle.c:3517	fatal_error_exit@Python/pylifecycle.c:3517;fatal_error@Python/pylifecycle.c:3742;_Py_FatalErrorFunc@Python/pylifecycle.c:3765;
python-4/fractions-segmentation_fault	NOREPRO	?	;
python-5/_pyio-segmentation_fault	SIGSEGV	warnings_warn_impl@Python/_warnings.c:1184	warnings_warn_impl@Python/_warnings.c:1184;cfunction_vectorcall_FASTCALL_KEYWORDS@Objects/methodobject.c:465;_Py_VectorCallInstrumentation_StackRefSteal@Python/ceval.c:768;
python-5/_pydecimal-segmentation_fault	SIGSEGV	method_vectorcall_O@Objects/descrobject.c:476	method_vectorcall_O@Objects/descrobject.c:476;_Py_VectorCallInstrumentation_StackRefSteal@Python/ceval.c:768;_PyEval_EvalFrameDefault@Python/generated_cases.c.h:1906;
python-5/_pydecimal-segmentation_fault-exitcode1	SIGSEGV	method_vectorcall_O@Objects/descrobject.c:476	method_vectorcall_O@Objects/descrobject.c:476;_Py_VectorCallInstrumentation_StackRefSteal@Python/ceval.c:768;_PyEval_EvalFrameDefault@Python/generated_cases.c.h:1906;
python-5/_pylong-segmentation_fault-2	SIGSEGV	method_vectorcall_NOARGS@Objects/descrobject.c:448	method_vectorcall_NOARGS@Objects/descrobject.c:448;_Py_VectorCallInstrumentation_StackRefSteal@Python/ceval.c:768;_PyEval_EvalFrameDefault@Python/generated_cases.c.h:1906;
python-5/_pylong-segmentation_fault	SIGSEGV	method_vectorcall_NOARGS@Objects/descrobject.c:448	method_vectorcall_NOARGS@Objects/descrobject.c:448;_Py_VectorCallInstrumentation_StackRefSteal@Python/ceval.c:768;_PyEval_EvalFrameDefault@Python/generated_cases.c.h:1906;
python-5/_warnings-segmentation_fault	SIGSEGV	warnings_warn_impl@Python/_warnings.c:1184	warnings_warn_impl@Python/_warnings.c:1184;cfunction_vectorcall_FASTCALL_KEYWORDS@Objects/methodobject.c:465;_PyVectorcall_Call@Objects/call.c:273;
python-5/_socket-segmentation_fault	SIGSEGV	warn_unicode@Python/_warnings.c:1335	warn_unicode@Python/_warnings.c:1335;_PyErr_WarnFormatV@Python/_warnings.c:1355;PyErr_ResourceWarning@Python/_warnings.c:1394;
python-5/asyncio-segmentation_fault	SIGSEGV	warnings_warn_impl@Python/_warnings.c:1184	warnings_warn_impl@Python/_warnings.c:1184;cfunction_vectorcall_FASTCALL_KEYWORDS@Objects/methodobject.c:465;_Py_VectorCallInstrumentation_StackRefSteal@Python/ceval.c:768;
python-5/asyncio-segmentation_fault-exitcode1	SIGSEGV	warnings_warn_impl@Python/_warnings.c:1184	warnings_warn_impl@Python/_warnings.c:1184;cfunction_vectorcall_FASTCALL_KEYWORDS@Objects/methodobject.c:465;_Py_VectorCallInstrumentation_StackRefSteal@Python/ceval.c:768;
python-5/asyncio_base_events-segmentation_fault	NOREPRO	?	;
python-5/asyncio_events-segmentation_fault	SIGSEGV	warnings_warn_impl@Python/_warnings.c:1184	warnings_warn_impl@Python/_warnings.c:1184;cfunction_vectorcall_FASTCALL_KEYWORDS@Objects/methodobject.c:465;_Py_VectorCall_StackRefSteal@Python/ceval.c:726;
python-5/asyncio_streams-segmentation_fault-2	SIGSEGV	warnings_warn_impl@Python/_warnings.c:1184	warnings_warn_impl@Python/_warnings.c:1184;cfunction_vectorcall_FASTCALL_KEYWORDS@Objects/methodobject.c:465;_Py_VectorCallInstrumentation_StackRefSteal@Python/ceval.c:768;
python-5/asyncio_streams-segmentation_fault	SIGSEGV	warnings_warn_impl@Python/_warnings.c:1184	warnings_warn_impl@Python/_warnings.c:1184;cfunction_vectorcall_FASTCALL_KEYWORDS@Objects/methodobject.c:465;_Py_VectorCallInstrumentation_StackRefSteal@Python/ceval.c:768;
python-5/asyncio_tasks-segmentation_fault	SIGSEGV	warnings_warn_impl@Python/_warnings.c:1184	warnings_warn_impl@Python/_warnings.c:1184;cfunction_vectorcall_FASTCALL_KEYWORDS@Objects/methodobject.c:465;_Py_VectorCallInstrumentation_StackRefSteal@Python/ceval.c:768;
python-5/asyncio_threads-segmentation_fault	SIGSEGV	warnings_warn_impl@Python/_warnings.c:1184	warnings_warn_impl@Python/_warnings.c:1184;cfunction_vectorcall_FASTCALL_KEYWORDS@Objects/methodobject.c:465;_Py_VectorCallInstrumentation_StackRefSteal@Python/ceval.c:768;
python-5/codeop-segmentation_fault-2	SIGSEGV	method_vectorcall_O@Objects/descrobject.c:476	method_vectorcall_O@Objects/descrobject.c:476;_Py_VectorCallInstrumentation_StackRefSteal@Python/ceval.c:768;_PyEval_EvalFrameDefault@Python/generated_cases.c.h:1906;
python-5/codeop-segmentation_fault	SIGSEGV	method_vectorcall_O@Objects/descrobject.c:476	method_vectorcall_O@Objects/descrobject.c:476;_Py_VectorCallInstrumentation_StackRefSteal@Python/ceval.c:768;_PyEval_EvalFrameDefault@Python/generated_cases.c.h:1906;
python-5/colorsys-segmentation_fault-exitcode1	NOREPRO	?	;
python-5/decimal-segmentation_fault-2	NOREPRO	?	;
python-5/decimal-segmentation_fault	NOREPRO	?	;
python-5/concurrent_futures_process-segmentation_fault	SIGABRT	code_dealloc@Objects/codeobject.c:2440	code_dealloc@Objects/codeobject.c:2440;_Py_Dealloc@Objects/object.c:3319;r_object@Python/marshal.c:1676;
python-5/email_charset-segmentation_fault	NOREPRO	?	;
python-5/email__policybase-segmentation_fault	NOREPRO	?	;
python-5/email_generator-segmentation_fault-2	SIGSEGV	_PyMem_DebugCheckAddress@Objects/obmalloc.c:3344	_PyMem_DebugCheckAddress@Objects/obmalloc.c:3344;_PyMem_DebugRawFree@Objects/obmalloc.c:3166;free_list_items@Objects/listobject.c:68;
python-5/email_generator-segmentation_fault	SIGSEGV	_PyMem_DebugCheckAddress@Objects/obmalloc.c:3344	_PyMem_DebugCheckAddress@Objects/obmalloc.c:3344;_PyMem_DebugRawFree@Objects/obmalloc.c:3166;free_list_items@Objects/listobject.c:68;
python-5/email_utils-segmentation_fault	NOREPRO	?	;
python-5/encodings-segmentation_fault-3	SIGSEGV	warnings_warn_impl@Python/_warnings.c:1184	warnings_warn_impl@Python/_warnings.c:1184;cfunction_vectorcall_FASTCALL_KEYWORDS@Objects/methodobject.c:465;_Py_VectorCallInstrumentation_StackRefSteal@Python/ceval.c:768;
python-5/encodings-segmentation_fault-2	SIGSEGV	warnings_warn_impl@Python/_warnings.c:1184	warnings_warn_impl@Python/_warnings.c:1184;cfunction_vectorcall_FASTCALL_KEYWORDS@Objects/methodobject.c:465;_Py_VectorCallInstrumentation_StackRefSteal@Python/ceval.c:768;
python-5/encodings-segmentation_fault	SIGSEGV	warnings_warn_impl@Python/_warnings.c:1184	warnings_warn_impl@Python/_warnings.c:1184;cfunction_vectorcall_FASTCALL_KEYWORDS@Objects/methodobject.c:465;_Py_VectorCallInstrumentation_StackRefSteal@Python/ceval.c:768;
python-5/fcntl-segmentation_fault	SIGSEGV	warn_unicode@Python/_warnings.c:1335	warn_unicode@Python/_warnings.c:1335;PyErr_WarnEx@Python/_warnings.c:1408;PyObject_AsFileDescriptor@Objects/fileobject.c:174;
python-5/importlib__bootstrap_external-segmentation_fault	SIGSEGV	warn_unicode@Python/_warnings.c:1335	warn_unicode@Python/_warnings.c:1335;PyErr_WarnEx@Python/_warnings.c:1408;_Py_BuiltinCallFastWithKeywords_StackRef@Python/ceval.c:841;
python-5/importlib_resources__functional-segmentation_fault	SIGSEGV	warnings_warn_impl@Python/_warnings.c:1184	warnings_warn_impl@Python/_warnings.c:1184;cfunction_vectorcall_FASTCALL_KEYWORDS@Objects/methodobject.c:465;_Py_VectorCallInstrumentation_StackRefSteal@Python/ceval.c:768;
python-5/io-segmentation_fault	SIGSEGV	warn_unicode@Python/_warnings.c:1335	warn_unicode@Python/_warnings.c:1335;PyErr_WarnEx@Python/_warnings.c:1408;type_call@Objects/typeobject.c:2484;
python-5/importlib_resources__itertools-segmentation_fault-exitcode1	SIGSEGV	templateiter_dealloc@Objects/templateobject.c:45	templateiter_dealloc@Objects/templateobject.c:45;_Py_Dealloc@Objects/object.c:3319;PyObject_GetIter@Objects/abstract.c:2825;
python-5/mailbox-segmentation_fault-exitcode1	SIGSEGV	warn_unicode@Python/_warnings.c:1335	warn_unicode@Python/_warnings.c:1335;PyErr_WarnEx@Python/_warnings.c:1408;PyObject_AsFileDescriptor@Objects/fileobject.c:174;
python-5/mimetypes-segmentation_fault-2	SIGSEGV	_PyMem_DebugCheckAddress@Objects/obmalloc.c:3344	_PyMem_DebugCheckAddress@Objects/obmalloc.c:3344;_PyMem_DebugRawFree@Objects/obmalloc.c:3166;free_list_items@Objects/listobject.c:68;
python-5/mimetypes-segmentation_fault	SIGSEGV	_PyMem_DebugCheckAddress@Objects/obmalloc.c:3344	_PyMem_DebugCheckAddress@Objects/obmalloc.c:3344;_PyMem_DebugRawFree@Objects/obmalloc.c:3166;free_list_items@Objects/listobject.c:68;
python-5/ntpath-segmentation_fault	SIGSEGV	warnings_warn_impl@Python/_warnings.c:1184	warnings_warn_impl@Python/_warnings.c:1184;cfunction_vectorcall_FASTCALL_KEYWORDS@Objects/methodobject.c:465;_Py_VectorCallInstrumentation_StackRefSteal@Python/ceval.c:768;
python-5/os-segmentation_fault-exitcode1	SIGSEGV	method_vectorcall_O@Objects/descrobject.c:476	method_vectorcall_O@Objects/descrobject.c:476;_Py_VectorCallInstrumentation_StackRefSteal@Python/ceval.c:768;_PyEval_EvalFrameDefault@Python/generated_cases.c.h:1906;
python-5/posix-segmentation_fault	SIGSEGV	warn_unicode@Python/_warnings.c:1335	warn_unicode@Python/_warnings.c:1335;_PyErr_WarnFormatV@Python/_warnings.c:1355;PyErr_ResourceWarning@Python/_warnings.c:1394;
python-5/posixpath-segmentation_fault	SIGSEGV	warnings_warn_impl@Python/_warnings.c:1184	warnings_warn_impl@Python/_warnings.c:1184;cfunction_vectorcall_FASTCALL_KEYWORDS@Objects/methodobject.c:465;_Py_VectorCallInstrumentation_StackRefSteal@Python/ceval.c:768;
python-5/profiling_sampling_opcode_utils-segmentation_fault	NOREPRO	?	;
python-5/re-segmentation_fault	SIGSEGV	warnings_warn_impl@Python/_warnings.c:1184	warnings_warn_impl@Python/_warnings.c:1184;cfunction_vectorcall_FASTCALL_KEYWORDS@Objects/methodobject.c:465;_Py_VectorCallInstrumentation_StackRefSteal@Python/ceval.c:768;
python-5/pyclbr-segmentation_fault	NOREPRO	?	;
python-5/sysconfig___main__-segmentation_fault	SIGSEGV	warn_unicode@Python/_warnings.c:1335	warn_unicode@Python/_warnings.c:1335;PyErr_WarnEx@Python/_warnings.c:1408;type_call@Objects/typeobject.c:2484;
python-5/threading-segmentation_fault	SIGSEGV	warnings_warn_impl@Python/_warnings.c:1184	warnings_warn_impl@Python/_warnings.c:1184;cfunction_vectorcall_FASTCALL_KEYWORDS@Objects/methodobject.c:465;_Py_VectorCallInstrumentation_StackRefSteal@Python/ceval.c:768;
python-5/sysconfig-segmentation_fault	NOREPRO	?	;
python-5/urllib_parse-segmentation_fault-2	SIGSEGV	warnings_warn_impl@Python/_warnings.c:1184	warnings_warn_impl@Python/_warnings.c:1184;cfunction_vectorcall_FASTCALL_KEYWORDS@Objects/methodobject.c:465;_Py_VectorCallInstrumentation_StackRefSteal@Python/ceval.c:768;
python-5/traceback-segmentation_fault-exitcode1	SIGABRT	code_dealloc@Objects/codeobject.c:2440	code_dealloc@Objects/codeobject.c:2440;_Py_Dealloc@Objects/object.c:3319;r_object@Python/marshal.c:1676;
python-5/urllib_parse-segmentation_fault	SIGSEGV	_PyMem_DebugCheckAddress@Objects/obmalloc.c:3344	_PyMem_DebugCheckAddress@Objects/obmalloc.c:3344;_PyMem_DebugRawFree@Objects/obmalloc.c:3166;free_list_items@Objects/listobject.c:68;
python-5/warnings-segmentation_fault-2	SIGSEGV	method_vectorcall_O@Objects/descrobject.c:476	method_vectorcall_O@Objects/descrobject.c:476;_Py_VectorCallInstrumentation_StackRefSteal@Python/ceval.c:768;_PyEval_EvalFrameDefault@Python/generated_cases.c.h:1906;
python-5/warnings-segmentation_fault-3	SIGSEGV	method_vectorcall_O@Objects/descrobject.c:476	method_vectorcall_O@Objects/descrobject.c:476;_Py_VectorCallInstrumentation_StackRefSteal@Python/ceval.c:768;_PyEval_EvalFrameDefault@Python/generated_cases.c.h:1906;
python-5/warnings-segmentation_fault	SIGSEGV	method_vectorcall_O@Objects/descrobject.c:476	method_vectorcall_O@Objects/descrobject.c:476;_Py_VectorCallInstrumentation_StackRefSteal@Python/ceval.c:768;_PyEval_EvalFrameDefault@Python/generated_cases.c.h:1906;
python-5/xml_dom_minidom-segmentation_fault	SIGABRT	fatal_error_exit@Python/pylifecycle.c:3517	fatal_error_exit@Python/pylifecycle.c:3517;fatal_error@Python/pylifecycle.c:3742;_Py_FatalErrorFunc@Python/pylifecycle.c:3765;
python-5/xml_dom_expatbuilder-segmentation_fault	NOREPRO	?	;
python-5/xml_dom_pulldom-segmentation_fault-2	SIGABRT	fatal_error_exit@Python/pylifecycle.c:3517	fatal_error_exit@Python/pylifecycle.c:3517;fatal_error@Python/pylifecycle.c:3742;_Py_FatalErrorFunc@Python/pylifecycle.c:3765;
python-5/xml_dom_pulldom-segmentation_fault	SIGSEGV	_PyMem_DebugCheckAddress@Objects/obmalloc.c:3344	_PyMem_DebugCheckAddress@Objects/obmalloc.c:3344;_PyMem_DebugRawFree@Objects/obmalloc.c:3166;free_list_items@Objects/listobject.c:68;
python-5/xml_etree_cElementTree-segmentation_fault	NOREPRO	?	;
python-5/zipfile__path-segmentation_fault	SIGABRT	_Py_BuiltinCallFastWithKeywords_StackRef@Python/ceval.c:843	_Py_BuiltinCallFastWithKeywords_StackRef@Python/ceval.c:843;_PyEval_EvalFrameDefault@Python/generated_cases.c.h:2603;PyEval_EvalCode@Python/ceval.c:679;
python-5/zipfile__path__functools-segmentation_fault-2	SIGABRT	_Py_BuiltinCallFastWithKeywords_StackRef@Python/ceval.c:843	_Py_BuiltinCallFastWithKeywords_StackRef@Python/ceval.c:843;_PyEval_EvalFrameDefault@Python/generated_cases.c.h:2603;PyEval_EvalCode@Python/ceval.c:679;
python-5/xml_sax_saxutils-segmentation_fault-exitcode1	SIGSEGV	warnings_warn_impl@Python/_warnings.c:1184	warnings_warn_impl@Python/_warnings.c:1184;cfunction_vectorcall_FASTCALL_KEYWORDS@Objects/methodobject.c:465;_Py_VectorCallInstrumentation_StackRefSteal@Python/ceval.c:768;
python-5/zipfile__path__functools-segmentation_fault-3	SIGABRT	_Py_BuiltinCallFastWithKeywords_StackRef@Python/ceval.c:843	_Py_BuiltinCallFastWithKeywords_StackRef@Python/ceval.c:843;_PyEval_EvalFrameDefault@Python/generated_cases.c.h:2603;PyEval_EvalCode@Python/ceval.c:679;
python-5/xmlrpc_client-segmentation_fault	SIGABRT	fatal_error_exit@Python/pylifecycle.c:3517	fatal_error_exit@Python/pylifecycle.c:3517;fatal_error@Python/pylifecycle.c:3742;_Py_FatalErrorFunc@Python/pylifecycle.c:3765;
python-5/zipfile__path__functools-segmentation_fault	SIGABRT	_Py_BuiltinCallFastWithKeywords_StackRef@Python/ceval.c:843	_Py_BuiltinCallFastWithKeywords_StackRef@Python/ceval.c:843;_PyEval_EvalFrameDefault@Python/generated_cases.c.h:2603;PyEval_EvalCode@Python/ceval.c:679;
python-5/zipfile__path_glob-segmentation_fault-2	SIGABRT	fatal_error_exit@Python/pylifecycle.c:3517	fatal_error_exit@Python/pylifecycle.c:3517;fatal_error@Python/pylifecycle.c:3742;_Py_FatalErrorFunc@Python/pylifecycle.c:3765;
python-5/zipfile__path_glob-segmentation_fault	SIGABRT	fatal_error_exit@Python/pylifecycle.c:3517	fatal_error_exit@Python/pylifecycle.c:3517;fatal_error@Python/pylifecycle.c:3742;_Py_FatalErrorFunc@Python/pylifecycle.c:3765;
python-7/_ast-segmentation_fault-2	NOREPRO	?	;
python-7/_ast-segmentation_fault-exitcode1-2	NOREPRO	?	;
python-7/_ast-segmentation_fault-exitcode1	NOREPRO	?	;
python-6/runpy-segmentation_fault	SIGABRT	clear_freelist@Objects/object.c:909	clear_freelist@Objects/object.c:909;_PyGC_ClearAllFreeLists@Python/gc_free_threading.c:2902;PyGC_Collect@Python/gc_free_threading.c:2559;
python-7/_ast-segmentation_fault	NOREPRO	?	;
python-7/_io-exitcode1-segmentation_fault	SIGSEGV	warn_unicode@Python/_warnings.c:1335	warn_unicode@Python/_warnings.c:1335;_PyErr_WarnFormatV@Python/_warnings.c:1355;PyErr_ResourceWarning@Python/_warnings.c:1394;
python-7/_opcode-exitcode1-segmentation_fault	NOREPRO	?	;
python-7/_py_warnings-segmentation_fault-2	SIGSEGV	method_vectorcall_O@Objects/descrobject.c:476	method_vectorcall_O@Objects/descrobject.c:476;_Py_VectorCallInstrumentation_StackRefSteal@Python/ceval.c:768;_PyEval_EvalFrameDefault@Python/generated_cases.c.h:1906;
python-7/_operator-segmentation_fault-exitcode1	SIGSEGV	warn_unicode@Python/_warnings.c:1335	warn_unicode@Python/_warnings.c:1335;PyErr_WarnEx@Python/_warnings.c:1408;bool_invert@Objects/boolobject.c:73;
python-7/_py_warnings-segmentation_fault-3	SIGSEGV	warnings_warn_impl@Python/_warnings.c:1184	warnings_warn_impl@Python/_warnings.c:1184;cfunction_vectorcall_FASTCALL_KEYWORDS@Objects/methodobject.c:465;_Py_VectorCallInstrumentation_StackRefSteal@Python/ceval.c:768;
python-7/_py_warnings-segmentation_fault-4	SIGSEGV	method_vectorcall_O@Objects/descrobject.c:476	method_vectorcall_O@Objects/descrobject.c:476;_Py_VectorCallInstrumentation_StackRefSteal@Python/ceval.c:768;_PyEval_EvalFrameDefault@Python/generated_cases.c.h:1906;
python-5/profiling_sampling__child_monitor-segmentation_fault	NOREPRO	?	;
python-7/_py_warnings-segmentation_fault	SIGSEGV	method_vectorcall_O@Objects/descrobject.c:476	method_vectorcall_O@Objects/descrobject.c:476;_Py_VectorCallInstrumentation_StackRefSteal@Python/ceval.c:768;_PyEval_EvalFrameDefault@Python/generated_cases.c.h:1906;
python-7/_pydecimal-segmentation_fault	SIGSEGV	method_vectorcall_O@Objects/descrobject.c:476	method_vectorcall_O@Objects/descrobject.c:476;_Py_VectorCallInstrumentation_StackRefSteal@Python/ceval.c:768;_PyEval_EvalFrameDefault@Python/generated_cases.c.h:1906;
python-7/_pydecimal-exitcode1-segmentation_fault	SIGSEGV	method_vectorcall_O@Objects/descrobject.c:476	method_vectorcall_O@Objects/descrobject.c:476;_Py_VectorCallInstrumentation_StackRefSteal@Python/ceval.c:768;_PyEval_EvalFrameDefault@Python/generated_cases.c.h:1906;
python-7/_pyio-exitcode1-segmentation_fault-2	SIGSEGV	warnings_warn_impl@Python/_warnings.c:1184	warnings_warn_impl@Python/_warnings.c:1184;cfunction_vectorcall_FASTCALL_KEYWORDS@Objects/methodobject.c:465;_Py_VectorCallInstrumentation_StackRefSteal@Python/ceval.c:768;
python-7/_pyio-exitcode1-segmentation_fault-4	SIGSEGV	warnings_warn_impl@Python/_warnings.c:1184	warnings_warn_impl@Python/_warnings.c:1184;cfunction_vectorcall_FASTCALL_KEYWORDS@Objects/methodobject.c:465;_Py_VectorCallInstrumentation_StackRefSteal@Python/ceval.c:768;
python-7/_pyio-exitcode1-segmentation_fault-3	SIGSEGV	warnings_warn_impl@Python/_warnings.c:1184	warnings_warn_impl@Python/_warnings.c:1184;cfunction_vectorcall_FASTCALL_KEYWORDS@Objects/methodobject.c:465;_Py_VectorCallInstrumentation_StackRefSteal@Python/ceval.c:768;
python-7/_pyio-exitcode1-segmentation_fault	SIGSEGV	warn_unicode@Python/_warnings.c:1335	warn_unicode@Python/_warnings.c:1335;_PyErr_WarnFormatV@Python/_warnings.c:1355;PyErr_ResourceWarning@Python/_warnings.c:1394;
python-7/_pyio-segmentation_fault	SIGSEGV	warnings_warn_impl@Python/_warnings.c:1184	warnings_warn_impl@Python/_warnings.c:1184;cfunction_vectorcall_FASTCALL_KEYWORDS@Objects/methodobject.c:465;_Py_VectorCallInstrumentation_StackRefSteal@Python/ceval.c:768;
python-7/_pylong-segmentation_fault	SIGSEGV	method_vectorcall_NOARGS@Objects/descrobject.c:448	method_vectorcall_NOARGS@Objects/descrobject.c:448;_Py_VectorCallInstrumentation_StackRefSteal@Python/ceval.c:768;_PyEval_EvalFrameDefault@Python/generated_cases.c.h:1906;
python-7/_strptime-segmentation_fault-2	SIGSEGV	warnings_warn_impl@Python/_warnings.c:1184	warnings_warn_impl@Python/_warnings.c:1184;cfunction_vectorcall_FASTCALL_KEYWORDS@Objects/methodobject.c:465;_Py_VectorCallInstrumentation_StackRefSteal@Python/ceval.c:768;
python-7/_pyrepl_unix_eventqueue-exitcode1-segmentation_fault	SIGSEGV	warn_unicode@Python/_warnings.c:1335	warn_unicode@Python/_warnings.c:1335;PyErr_WarnEx@Python/_warnings.c:1408;PyObject_AsFileDescriptor@Objects/fileobject.c:174;
python-7/_pyrepl_unix_eventqueue-segmentation_fault	SIGSEGV	warn_unicode@Python/_warnings.c:1335	warn_unicode@Python/_warnings.c:1335;PyErr_WarnEx@Python/_warnings.c:1408;PyObject_AsFileDescriptor@Objects/fileobject.c:174;
python-7/_strptime-segmentation_fault-3	SIGSEGV	warnings_warn_impl@Python/_warnings.c:1184	warnings_warn_impl@Python/_warnings.c:1184;cfunction_vectorcall_FASTCALL_KEYWORDS@Objects/methodobject.c:465;_Py_VectorCallInstrumentation_StackRefSteal@Python/ceval.c:768;
python-7/_strptime-segmentation_fault	SIGSEGV	warnings_warn_impl@Python/_warnings.c:1184	warnings_warn_impl@Python/_warnings.c:1184;cfunction_vectorcall_FASTCALL_KEYWORDS@Objects/methodobject.c:465;_Py_VectorCallInstrumentation_StackRefSteal@Python/ceval.c:768;
python-7/_struct-segmentation_fault-exitcode1	NOREPRO	?	;
python-7/_warnings-exitcode1-segmentation_fault	SIGSEGV	warnings_warn_impl@Python/_warnings.c:1184	warnings_warn_impl@Python/_warnings.c:1184;cfunction_vectorcall_FASTCALL_KEYWORDS@Objects/methodobject.c:465;_PyVectorcall_Call@Objects/call.c:273;
python-7/_warnings-segmentation_fault	SIGSEGV	warnings_warn_impl@Python/_warnings.c:1184	warnings_warn_impl@Python/_warnings.c:1184;cfunction_vectorcall_FASTCALL_KEYWORDS@Objects/methodobject.c:465;_PyVectorcall_Call@Objects/call.c:273;
python-7/_strptime-segmentation_fault-4	SIGABRT	clear_freelist@Objects/object.c:909	clear_freelist@Objects/object.c:909;_PyGC_ClearAllFreeLists@Python/gc_free_threading.c:2902;_Py_HandlePending@Python/ceval_gil.c:1399;
python-7/ast-segmentation_fault	SIGABRT	fatal_error_exit@Python/pylifecycle.c:3517	fatal_error_exit@Python/pylifecycle.c:3517;fatal_error@Python/pylifecycle.c:3742;_Py_FatalErrorFunc@Python/pylifecycle.c:3765;
python-7/asyncio-segmentation_fault-2	SIGSEGV	warnings_warn_impl@Python/_warnings.c:1184	warnings_warn_impl@Python/_warnings.c:1184;cfunction_vectorcall_FASTCALL_KEYWORDS@Objects/methodobject.c:465;_Py_VectorCallInstrumentation_StackRefSteal@Python/ceval.c:768;
python-7/asyncio-segmentation_fault-3	SIGSEGV	warnings_warn_impl@Python/_warnings.c:1184	warnings_warn_impl@Python/_warnings.c:1184;cfunction_vectorcall_FASTCALL_KEYWORDS@Objects/methodobject.c:465;_Py_VectorCall_StackRefSteal@Python/ceval.c:726;
python-7/asyncio-segmentation_fault-4	SIGSEGV	warnings_warn_impl@Python/_warnings.c:1184	warnings_warn_impl@Python/_warnings.c:1184;cfunction_vectorcall_FASTCALL_KEYWORDS@Objects/methodobject.c:465;_Py_VectorCallInstrumentation_StackRefSteal@Python/ceval.c:768;
python-7/asyncio-segmentation_fault	SIGSEGV	warnings_warn_impl@Python/_warnings.c:1184	warnings_warn_impl@Python/_warnings.c:1184;cfunction_vectorcall_FASTCALL_KEYWORDS@Objects/methodobject.c:465;_Py_VectorCallInstrumentation_StackRefSteal@Python/ceval.c:768;
python-7/asyncio_events-segmentation_fault	SIGSEGV	warnings_warn_impl@Python/_warnings.c:1184	warnings_warn_impl@Python/_warnings.c:1184;cfunction_vectorcall_FASTCALL_KEYWORDS@Objects/methodobject.c:465;_Py_VectorCall_StackRefSteal@Python/ceval.c:726;
python-7/asyncio_staggered-segmentation_fault-2	SIGSEGV	warnings_warn_impl@Python/_warnings.c:1184	warnings_warn_impl@Python/_warnings.c:1184;cfunction_vectorcall_FASTCALL_KEYWORDS@Objects/methodobject.c:465;_Py_VectorCallInstrumentation_StackRefSteal@Python/ceval.c:768;
python-7/asyncio_staggered-segmentation_fault-3	SIGSEGV	warnings_warn_impl@Python/_warnings.c:1184	warnings_warn_impl@Python/_warnings.c:1184;cfunction_vectorcall_FASTCALL_KEYWORDS@Objects/methodobject.c:465;_Py_VectorCallInstrumentation_StackRefSteal@Python/ceval.c:768;
python-7/asyncio_staggered-segmentation_fault-4	SIGSEGV	warnings_warn_impl@Python/_warnings.c:1184	warnings_warn_impl@Python/_warnings.c:1184;cfunction_vectorcall_FASTCALL_KEYWORDS@Objects/methodobject.c:465;_Py_VectorCallInstrumentation_StackRefSteal@Python/ceval.c:768;
python-7/asyncio_staggered-segmentation_fault-5	SIGSEGV	warnings_warn_impl@Python/_warnings.c:1184	warnings_warn_impl@Python/_warnings.c:1184;cfunction_vectorcall_FASTCALL_KEYWORDS@Objects/methodobject.c:465;_Py_VectorCallInstrumentation_StackRefSteal@Python/ceval.c:768;
python-7/asyncio_staggered-segmentation_fault-6	SIGSEGV	warnings_warn_impl@Python/_warnings.c:1184	warnings_warn_impl@Python/_warnings.c:1184;cfunction_vectorcall_FASTCALL_KEYWORDS@Objects/methodobject.c:465;_Py_VectorCallInstrumentation_StackRefSteal@Python/ceval.c:768;
python-7/asyncio_staggered-segmentation_fault-7	SIGSEGV	warnings_warn_impl@Python/_warnings.c:1184	warnings_warn_impl@Python/_warnings.c:1184;cfunction_vectorcall_FASTCALL_KEYWORDS@Objects/methodobject.c:465;_Py_VectorCallInstrumentation_StackRefSteal@Python/ceval.c:768;
python-7/asyncio_staggered-segmentation_fault	SIGSEGV	warnings_warn_impl@Python/_warnings.c:1184	warnings_warn_impl@Python/_warnings.c:1184;cfunction_vectorcall_FASTCALL_KEYWORDS@Objects/methodobject.c:465;_Py_VectorCallInstrumentation_StackRefSteal@Python/ceval.c:768;
python-7/asyncio_streams-segmentation_fault	SIGSEGV	warnings_warn_impl@Python/_warnings.c:1184	warnings_warn_impl@Python/_warnings.c:1184;cfunction_vectorcall_FASTCALL_KEYWORDS@Objects/methodobject.c:465;_Py_VectorCallInstrumentation_StackRefSteal@Python/ceval.c:768;
python-7/asyncio_tasks-segmentation_fault-2	SIGSEGV	warnings_warn_impl@Python/_warnings.c:1184	warnings_warn_impl@Python/_warnings.c:1184;cfunction_vectorcall_FASTCALL_KEYWORDS@Objects/methodobject.c:465;_Py_VectorCallInstrumentation_StackRefSteal@Python/ceval.c:768;
python-7/asyncio_tasks-segmentation_fault-exitcode1-2	SIGSEGV	warnings_warn_impl@Python/_warnings.c:1184	warnings_warn_impl@Python/_warnings.c:1184;cfunction_vectorcall_FASTCALL_KEYWORDS@Objects/methodobject.c:465;_Py_VectorCallInstrumentation_StackRefSteal@Python/ceval.c:768;
python-7/asyncio_tasks-segmentation_fault-exitcode1	SIGSEGV	warnings_warn_impl@Python/_warnings.c:1184	warnings_warn_impl@Python/_warnings.c:1184;cfunction_vectorcall_FASTCALL_KEYWORDS@Objects/methodobject.c:465;_Py_VectorCallInstrumentation_StackRefSteal@Python/ceval.c:768;
python-7/asyncio_tasks-segmentation_fault	SIGSEGV	warnings_warn_impl@Python/_warnings.c:1184	warnings_warn_impl@Python/_warnings.c:1184;cfunction_vectorcall_FASTCALL_KEYWORDS@Objects/methodobject.c:465;_Py_VectorCallInstrumentation_StackRefSteal@Python/ceval.c:768;
python-7/asyncio_threads-segmentation_fault-3	SIGSEGV	warnings_warn_impl@Python/_warnings.c:1184	warnings_warn_impl@Python/_warnings.c:1184;cfunction_vectorcall_FASTCALL_KEYWORDS@Objects/methodobject.c:465;_Py_VectorCallInstrumentation_StackRefSteal@Python/ceval.c:768;
python-7/asyncio_threads-segmentation_fault-2	SIGSEGV	warnings_warn_impl@Python/_warnings.c:1184	warnings_warn_impl@Python/_warnings.c:1184;cfunction_vectorcall_FASTCALL_KEYWORDS@Objects/methodobject.c:465;_Py_VectorCallInstrumentation_StackRefSteal@Python/ceval.c:768;
python-7/asyncio_threads-segmentation_fault-4	SIGSEGV	warnings_warn_impl@Python/_warnings.c:1184	warnings_warn_impl@Python/_warnings.c:1184;cfunction_vectorcall_FASTCALL_KEYWORDS@Objects/methodobject.c:465;_Py_VectorCallInstrumentation_StackRefSteal@Python/ceval.c:768;
python-7/asyncio_threads-segmentation_fault-5	SIGSEGV	warnings_warn_impl@Python/_warnings.c:1184	warnings_warn_impl@Python/_warnings.c:1184;cfunction_vectorcall_FASTCALL_KEYWORDS@Objects/methodobject.c:465;_Py_VectorCallInstrumentation_StackRefSteal@Python/ceval.c:768;
python-7/asyncio_threads-segmentation_fault	SIGSEGV	warnings_warn_impl@Python/_warnings.c:1184	warnings_warn_impl@Python/_warnings.c:1184;cfunction_vectorcall_FASTCALL_KEYWORDS@Objects/methodobject.c:465;_Py_VectorCallInstrumentation_StackRefSteal@Python/ceval.c:768;
python-7/code-exitcode1-segmentation_fault-2	SIGABRT	fatal_error_exit@Python/pylifecycle.c:3517	fatal_error_exit@Python/pylifecycle.c:3517;fatal_error@Python/pylifecycle.c:3742;_Py_FatalErrorFormat@Python/pylifecycle.c:3795;
python-7/code-exitcode1-segmentation_fault-3	SIGABRT	fatal_error_exit@Python/pylifecycle.c:3517	fatal_error_exit@Python/pylifecycle.c:3517;fatal_error@Python/pylifecycle.c:3742;_Py_FatalErrorFormat@Python/pylifecycle.c:3795;
python-7/code-exitcode1-segmentation_fault	SIGSEGV	method_vectorcall_O@Objects/descrobject.c:476	method_vectorcall_O@Objects/descrobject.c:476;_Py_VectorCallInstrumentation_StackRefSteal@Python/ceval.c:768;_PyEval_EvalFrameDefault@Python/generated_cases.c.h:1906;
python-7/code-segmentation_fault-exitcode1	SIGSEGV	method_vectorcall_O@Objects/descrobject.c:476	method_vectorcall_O@Objects/descrobject.c:476;_Py_VectorCallInstrumentation_StackRefSteal@Python/ceval.c:768;_PyEval_EvalFrameDefault@Python/generated_cases.c.h:1906;
python-7/code-segmentation_fault	SIGSEGV	method_vectorcall_O@Objects/descrobject.c:476	method_vectorcall_O@Objects/descrobject.c:476;_Py_VectorCallInstrumentation_StackRefSteal@Python/ceval.c:768;_PyEval_EvalFrameDefault@Python/generated_cases.c.h:1906;
python-7/codecs-exitcode1-segmentation_fault	SIGSEGV	warnings_warn_impl@Python/_warnings.c:1184	warnings_warn_impl@Python/_warnings.c:1184;cfunction_vectorcall_FASTCALL_KEYWORDS@Objects/methodobject.c:465;_Py_VectorCallInstrumentation_StackRefSteal@Python/ceval.c:768;
python-7/codeop-segmentation_fault-2	SIGSEGV	method_vectorcall_O@Objects/descrobject.c:476	method_vectorcall_O@Objects/descrobject.c:476;_Py_VectorCallInstrumentation_StackRefSteal@Python/ceval.c:768;_PyEval_EvalFrameDefault@Python/generated_cases.c.h:1906;
python-7/codeop-segmentation_fault-4	SIGSEGV	method_vectorcall_O@Objects/descrobject.c:476	method_vectorcall_O@Objects/descrobject.c:476;_Py_VectorCallInstrumentation_StackRefSteal@Python/ceval.c:768;_PyEval_EvalFrameDefault@Python/generated_cases.c.h:1906;
python-7/codeop-segmentation_fault-3	SIGSEGV	method_vectorcall_O@Objects/descrobject.c:476	method_vectorcall_O@Objects/descrobject.c:476;_Py_VectorCallInstrumentation_StackRefSteal@Python/ceval.c:768;_PyEval_EvalFrameDefault@Python/generated_cases.c.h:1906;
python-7/codeop-segmentation_fault	SIGSEGV	method_vectorcall_O@Objects/descrobject.c:476	method_vectorcall_O@Objects/descrobject.c:476;_Py_VectorCallInstrumentation_StackRefSteal@Python/ceval.c:768;_PyEval_EvalFrameDefault@Python/generated_cases.c.h:1906;
python-7/codeop-segmentation_fault-exitcode1	SIGSEGV	method_vectorcall_O@Objects/descrobject.c:476	method_vectorcall_O@Objects/descrobject.c:476;_Py_VectorCallInstrumentation_StackRefSteal@Python/ceval.c:768;_PyEval_EvalFrameDefault@Python/generated_cases.c.h:1906;
python-7/decimal-exitcode1-segmentation_fault-2	NOREPRO	?	;
python-7/curses_ascii-segmentation_fault	NOREPRO	?	;
python-7/decimal-exitcode1-segmentation_fault	NOREPRO	?	;
python-7/decimal-segmentation_fault	NOREPRO	?	;
python-7/email__policybase-segmentation_fault-2	NOREPRO	?	;
python-7/email__policybase-segmentation_fault	NOREPRO	?	;
python-7/email_generator-segmentation_fault-2	SIGSEGV	_PyMem_DebugCheckAddress@Objects/obmalloc.c:3344	_PyMem_DebugCheckAddress@Objects/obmalloc.c:3344;_PyMem_DebugRawFree@Objects/obmalloc.c:3166;free_list_items@Objects/listobject.c:68;
python-7/email_generator-segmentation_fault	NOREPRO	?	;
python-7/email_utils-segmentation_fault-2	SIGSEGV	_PyMem_DebugCheckAddress@Objects/obmalloc.c:3344	_PyMem_DebugCheckAddress@Objects/obmalloc.c:3344;_PyMem_DebugRawFree@Objects/obmalloc.c:3166;free_list_items@Objects/listobject.c:68;
python-7/email_utils-exitcode1-segmentation_fault	SIGSEGV	_PyMem_DebugCheckAddress@Objects/obmalloc.c:3344	_PyMem_DebugCheckAddress@Objects/obmalloc.c:3344;_PyMem_DebugRawFree@Objects/obmalloc.c:3166;free_list_items@Objects/listobject.c:68;
python-7/encodings-exitcode1-segmentation_fault	SIGSEGV	warnings_warn_impl@Python/_warnings.c:1184	warnings_warn_impl@Python/_warnings.c:1184;cfunction_vectorcall_FASTCALL_KEYWORDS@Objects/methodobject.c:465;_Py_VectorCallInstrumentation_StackRefSteal@Python/ceval.c:768;
python-7/email_utils-segmentation_fault	NOREPRO	?	;
python-7/encodings-segmentation_fault	SIGSEGV	warnings_warn_impl@Python/_warnings.c:1184	warnings_warn_impl@Python/_warnings.c:1184;cfunction_vectorcall_FASTCALL_KEYWORDS@Objects/methodobject.c:465;_Py_VectorCallInstrumentation_StackRefSteal@Python/ceval.c:768;
python-7/encodings-segmentation_fault-2	NOREPRO	?	;
python-7/fcntl-segmentation_fault	SIGSEGV	warn_unicode@Python/_warnings.c:1335	warn_unicode@Python/_warnings.c:1335;PyErr_WarnEx@Python/_warnings.c:1408;PyObject_AsFileDescriptor@Objects/fileobject.c:174;
python-7/fcntl-segmentation_fault-exitcode1	SIGSEGV	warn_unicode@Python/_warnings.c:1335	warn_unicode@Python/_warnings.c:1335;PyErr_WarnEx@Python/_warnings.c:1408;PyObject_AsFileDescriptor@Objects/fileobject.c:174;
python-7/genericpath-segmentation_fault	SIGSEGV	warnings_warn_impl@Python/_warnings.c:1184	warnings_warn_impl@Python/_warnings.c:1184;cfunction_vectorcall_FASTCALL_KEYWORDS@Objects/methodobject.c:465;_Py_VectorCallInstrumentation_StackRefSteal@Python/ceval.c:768;
python-7/functools-segmentation_fault-exitcode1	NOREPRO	?	;
python-7/importlib_metadata__itertools-exitcode1-segmentation_fault	SIGSEGV	templateiter_dealloc@Objects/templateobject.c:45	templateiter_dealloc@Objects/templateobject.c:45;_Py_Dealloc@Objects/object.c:3319;PyObject_GetIter@Objects/abstract.c:2825;
python-7/importlib_resources-segmentation_fault	SIGSEGV	warnings_warn_impl@Python/_warnings.c:1184	warnings_warn_impl@Python/_warnings.c:1184;cfunction_vectorcall_FASTCALL_KEYWORDS@Objects/methodobject.c:465;_Py_VectorCallInstrumentation_StackRefSteal@Python/ceval.c:768;
python-7/importlib__bootstrap_external-segmentation_fault-exitcode1	NOREPRO	?	;
python-7/importlib_resources_readers-exitcode1-segmentation_fault	SIGSEGV	warnings_warn_impl@Python/_warnings.c:1184	warnings_warn_impl@Python/_warnings.c:1184;cfunction_vectorcall_FASTCALL_KEYWORDS@Objects/methodobject.c:465;_Py_VectorCallInstrumentation_StackRefSteal@Python/ceval.c:768;
python-7/gettext-segmentation_fault	SIGABRT	_PyType_LookupStackRefAndVersion@Objects/typeobject.c:6343	_PyType_LookupStackRefAndVersion@Objects/typeobject.c:6343;_Py_type_getattro_stackref@Objects/typeobject.c:6590;_PyObject_GetAttrStackRef@Objects/object.c:1359;
python-7/importlib_resources__adapters-segmentation_fault-exitcode1	NOREPRO	?	;
python-7/importlib_resources_readers-segmentation_fault-exitcode1	SIGSEGV	warnings_warn_impl@Python/_warnings.c:1184	warnings_warn_impl@Python/_warnings.c:1184;cfunction_vectorcall_FASTCALL_KEYWORDS@Objects/methodobject.c:465;_Py_VectorCallInstrumentation_StackRefSteal@Python/ceval.c:768;
python-7/importlib_resources_readers-segmentation_fault	SIGSEGV	warnings_warn_impl@Python/_warnings.c:1184	warnings_warn_impl@Python/_warnings.c:1184;cfunction_vectorcall_FASTCALL_KEYWORDS@Objects/methodobject.c:465;_Py_VectorCallInstrumentation_StackRefSteal@Python/ceval.c:768;
python-7/io-exitcode1-segmentation_fault	SIGSEGV	warn_unicode@Python/_warnings.c:1335	warn_unicode@Python/_warnings.c:1335;_PyErr_WarnFormatV@Python/_warnings.c:1355;PyErr_ResourceWarning@Python/_warnings.c:1394;
python-7/json-segmentation_fault-exitcode1	SIGSEGV	warnings_warn_impl@Python/_warnings.c:1184	warnings_warn_impl@Python/_warnings.c:1184;cfunction_vectorcall_FASTCALL_KEYWORDS@Objects/methodobject.c:465;_Py_VectorCall_StackRefSteal@Python/ceval.c:726;
python-7/linecache-segmentation_fault	NOREPRO	?	;
python-7/mimetypes-segmentation_fault-2	SIGSEGV	_PyMem_DebugCheckAddress@Objects/obmalloc.c:3344	_PyMem_DebugCheckAddress@Objects/obmalloc.c:3344;_PyMem_DebugRawFree@Objects/obmalloc.c:3166;free_list_items@Objects/listobject.c:68;
python-7/mimetypes-segmentation_fault-3	SIGSEGV	_PyMem_DebugCheckAddress@Objects/obmalloc.c:3344	_PyMem_DebugCheckAddress@Objects/obmalloc.c:3344;_PyMem_DebugRawFree@Objects/obmalloc.c:3166;free_list_items@Objects/listobject.c:68;
python-7/mimetypes-segmentation_fault-4	SIGSEGV	_PyMem_DebugCheckAddress@Objects/obmalloc.c:3344	_PyMem_DebugCheckAddress@Objects/obmalloc.c:3344;_PyMem_DebugRawFree@Objects/obmalloc.c:3166;free_list_items@Objects/listobject.c:68;
python-7/locale-exitcode1	SIGSEGV	warnings_warn_impl@Python/_warnings.c:1184	warnings_warn_impl@Python/_warnings.c:1184;cfunction_vectorcall_FASTCALL_KEYWORDS@Objects/methodobject.c:465;_Py_VectorCallInstrumentation_StackRefSteal@Python/ceval.c:768;
python-7/mimetypes-segmentation_fault-5	SIGSEGV	_PyMem_DebugCheckAddress@Objects/obmalloc.c:3344	_PyMem_DebugCheckAddress@Objects/obmalloc.c:3344;_PyMem_DebugRawFree@Objects/obmalloc.c:3166;free_list_items@Objects/listobject.c:68;
python-7/multiprocessing_dummy-segmentation_fault	SIGABRT	fatal_error_exit@Python/pylifecycle.c:3517	fatal_error_exit@Python/pylifecycle.c:3517;fatal_error@Python/pylifecycle.c:3742;_Py_FatalErrorFunc@Python/pylifecycle.c:3765;
python-7/mimetypes-segmentation_fault	SIGSEGV	_PyMem_DebugCheckAddress@Objects/obmalloc.c:3344	_PyMem_DebugCheckAddress@Objects/obmalloc.c:3344;_PyMem_DebugRawFree@Objects/obmalloc.c:3166;free_list_items@Objects/listobject.c:68;
python-7/multiprocessing_connection-segmentation_fault-exitcode1	SIGABRT	code_dealloc@Objects/codeobject.c:2440	code_dealloc@Objects/codeobject.c:2440;_Py_Dealloc@Objects/object.c:3319;r_object@Python/marshal.c:1676;
python-7/multiprocessing_reduction-exitcode1-segmentation_fault	SIGABRT	fatal_error_exit@Python/pylifecycle.c:3517	fatal_error_exit@Python/pylifecycle.c:3517;fatal_error@Python/pylifecycle.c:3742;_Py_FatalErrorFunc@Python/pylifecycle.c:3765;
python-7/multiprocessing_forkserver-segmentation_fault	NOREPRO	?	;
python-7/multiprocessing_reduction-segmentation_fault	NOREPRO	?	;
python-7/multiprocessing_resource_tracker-segmentation_fault-3	SIGSEGV	warn_unicode@Python/_warnings.c:1335	warn_unicode@Python/_warnings.c:1335;PyErr_WarnEx@Python/_warnings.c:1408;type_call@Objects/typeobject.c:2484;
python-7/multiprocessing_resource_tracker-segmentation_fault-2	SIGSEGV	warn_unicode@Python/_warnings.c:1335	warn_unicode@Python/_warnings.c:1335;PyErr_WarnEx@Python/_warnings.c:1408;type_call@Objects/typeobject.c:2484;
python-7/multiprocessing_resource_tracker-segmentation_fault-exitcode1	SIGSEGV	warn_unicode@Python/_warnings.c:1335	warn_unicode@Python/_warnings.c:1335;PyErr_WarnEx@Python/_warnings.c:1408;type_call@Objects/typeobject.c:2484;
python-7/pkgutil-segmentation_fault-2	SIGABRT	clear_freelist@Objects/object.c:909	clear_freelist@Objects/object.c:909;_PyGC_ClearAllFreeLists@Python/gc_free_threading.c:2902;_Py_HandlePending@Python/ceval_gil.c:1399;
python-7/pkgutil-segmentation_fault	NOREPRO	?	;
python-7/platform-segmentation_fault-2	SIGSEGV	method_vectorcall_O@Objects/descrobject.c:476	method_vectorcall_O@Objects/descrobject.c:476;_Py_VectorCallInstrumentation_StackRefSteal@Python/ceval.c:768;_PyEval_EvalFrameDefault@Python/generated_cases.c.h:1906;
python-7/multiprocessing_resource_tracker-segmentation_fault	SIGSEGV	warn_unicode@Python/_warnings.c:1335	warn_unicode@Python/_warnings.c:1335;PyErr_WarnEx@Python/_warnings.c:1408;type_call@Objects/typeobject.c:2484;
python-7/platform-segmentation_fault	SIGSEGV	method_vectorcall_O@Objects/descrobject.c:476	method_vectorcall_O@Objects/descrobject.c:476;_Py_VectorCallInstrumentation_StackRefSteal@Python/ceval.c:768;_PyEval_EvalFrameDefault@Python/generated_cases.c.h:1906;
python-7/pkgutil-segmentation_fault-3	SIGABRT	clear_freelist@Objects/object.c:909	clear_freelist@Objects/object.c:909;_PyGC_ClearAllFreeLists@Python/gc_free_threading.c:2902;PyGC_Collect@Python/gc_free_threading.c:2559;
python-7/posix-segmentation_fault-exitcode1	SIGSEGV	warn_unicode@Python/_warnings.c:1335	warn_unicode@Python/_warnings.c:1335;PyErr_WarnEx@Python/_warnings.c:1408;cfunction_vectorcall_FASTCALL_KEYWORDS@Objects/methodobject.c:465;
python-7/posixpath-segmentation_fault-exitcode1	SIGSEGV	warn_unicode@Python/_warnings.c:1335	warn_unicode@Python/_warnings.c:1335;PyErr_WarnEx@Python/_warnings.c:1408;_Py_BuiltinCallFastWithKeywords_StackRef@Python/ceval.c:841;
python-7/re-segmentation_fault-exitcode1	SIGSEGV	warnings_warn_impl@Python/_warnings.c:1184	warnings_warn_impl@Python/_warnings.c:1184;cfunction_vectorcall_FASTCALL_KEYWORDS@Objects/methodobject.c:465;_Py_VectorCallInstrumentation_StackRefSteal@Python/ceval.c:768;
python-7/profiling_sampling_cli-segmentation_fault	SIGSEGV	_Py_BuiltinCallFastWithKeywords_StackRef@Python/ceval.c:841	_Py_BuiltinCallFastWithKeywords_StackRef@Python/ceval.c:841;_PyEval_EvalFrameDefault@Python/generated_cases.c.h:2603;PyEval_EvalCode@Python/ceval.c:679;
python-7/re-segmentation_fault-2	SIGSEGV	warnings_warn_impl@Python/_warnings.c:1184	warnings_warn_impl@Python/_warnings.c:1184;cfunction_vectorcall_FASTCALL_KEYWORDS@Objects/methodobject.c:465;_Py_VectorCallInstrumentation_StackRefSteal@Python/ceval.c:768;
python-7/re-segmentation_fault	SIGSEGV	warnings_warn_impl@Python/_warnings.c:1184	warnings_warn_impl@Python/_warnings.c:1184;cfunction_vectorcall_FASTCALL_KEYWORDS@Objects/methodobject.c:465;_Py_VectorCallInstrumentation_StackRefSteal@Python/ceval.c:768;
python-7/pty-segmentation_fault-exitcode1	SIGSEGV	warn_unicode@Python/_warnings.c:1335	warn_unicode@Python/_warnings.c:1335;PyErr_WarnEx@Python/_warnings.c:1408;PyObject_AsFileDescriptor@Objects/fileobject.c:174;
python-7/shelve-segmentation_fault	NOREPRO	?	;
python-7/shutil-exitcode1-segmentation_fault	SIGSEGV	warn_unicode@Python/_warnings.c:1335	warn_unicode@Python/_warnings.c:1335;PyErr_WarnEx@Python/_warnings.c:1408;_Py_BuiltinCallFastWithKeywords_StackRef@Python/ceval.c:841;
python-7/sqlite3___main__-segmentation_fault-2	SIGABRT	code_dealloc@Objects/codeobject.c:2440	code_dealloc@Objects/codeobject.c:2440;_Py_Dealloc@Objects/object.c:3319;r_object@Python/marshal.c:1676;
python-7/sqlite3___main__-segmentation_fault-3	SIGABRT	code_dealloc@Objects/codeobject.c:2440	code_dealloc@Objects/codeobject.c:2440;_Py_Dealloc@Objects/object.c:3319;r_object@Python/marshal.c:1676;
python-7/sqlite3___main__-segmentation_fault-4	SIGABRT	code_dealloc@Objects/codeobject.c:2440	code_dealloc@Objects/codeobject.c:2440;_Py_Dealloc@Objects/object.c:3319;r_object@Python/marshal.c:1676;
python-7/sys-segmentation_fault	SIGSEGV	warn_unicode@Python/_warnings.c:1335	warn_unicode@Python/_warnings.c:1335;PyErr_WarnEx@Python/_warnings.c:1408;cfunction_vectorcall_NOARGS@Objects/methodobject.c:508;
python-7/termios-segmentation_fault	SIGSEGV	warn_unicode@Python/_warnings.c:1335	warn_unicode@Python/_warnings.c:1335;PyErr_WarnEx@Python/_warnings.c:1408;PyObject_AsFileDescriptor@Objects/fileobject.c:174;
python-7/sqlite3___main__-segmentation_fault	SIGABRT	code_dealloc@Objects/codeobject.c:2440	code_dealloc@Objects/codeobject.c:2440;_Py_Dealloc@Objects/object.c:3319;r_object@Python/marshal.c:1676;
python-7/threading-segmentation_fault	SIGSEGV	warnings_warn_impl@Python/_warnings.c:1184	warnings_warn_impl@Python/_warnings.c:1184;cfunction_vectorcall_FASTCALL_KEYWORDS@Objects/methodobject.c:465;_Py_VectorCallInstrumentation_StackRefSteal@Python/ceval.c:768;
python-7/tokenize-segmentation_fault-exitcode1	SIGSEGV	warnings_warn_impl@Python/_warnings.c:1184	warnings_warn_impl@Python/_warnings.c:1184;cfunction_vectorcall_FASTCALL_KEYWORDS@Objects/methodobject.c:465;_Py_VectorCallInstrumentation_StackRefSteal@Python/ceval.c:768;
python-7/trace-segmentation_fault	SIGSEGV	warn_unicode@Python/_warnings.c:1335	warn_unicode@Python/_warnings.c:1335;PyErr_WarnEx@Python/_warnings.c:1408;type_call@Objects/typeobject.c:2484;
python-7/tty-exitcode1-segmentation_fault	SIGSEGV	warn_unicode@Python/_warnings.c:1335	warn_unicode@Python/_warnings.c:1335;PyErr_WarnEx@Python/_warnings.c:1408;PyObject_AsFileDescriptor@Objects/fileobject.c:174;
python-7/urllib_parse-segmentation_fault-3	SIGSEGV	warnings_warn_impl@Python/_warnings.c:1184	warnings_warn_impl@Python/_warnings.c:1184;cfunction_vectorcall_FASTCALL_KEYWORDS@Objects/methodobject.c:465;_Py_VectorCallInstrumentation_StackRefSteal@Python/ceval.c:768;
python-7/urllib_parse-segmentation_fault-2	SIGSEGV	warnings_warn_impl@Python/_warnings.c:1184	warnings_warn_impl@Python/_warnings.c:1184;cfunction_vectorcall_FASTCALL_KEYWORDS@Objects/methodobject.c:465;_Py_VectorCallInstrumentation_StackRefSteal@Python/ceval.c:768;
python-7/urllib_parse-segmentation_fault-4	SIGSEGV	warnings_warn_impl@Python/_warnings.c:1184	warnings_warn_impl@Python/_warnings.c:1184;cfunction_vectorcall_FASTCALL_KEYWORDS@Objects/methodobject.c:465;_Py_VectorCallInstrumentation_StackRefSteal@Python/ceval.c:768;
python-7/urllib_parse-segmentation_fault	SIGSEGV	warnings_warn_impl@Python/_warnings.c:1184	warnings_warn_impl@Python/_warnings.c:1184;cfunction_vectorcall_FASTCALL_KEYWORDS@Objects/methodobject.c:465;_Py_VectorCallInstrumentation_StackRefSteal@Python/ceval.c:768;
python-7/warnings-exitcode1-segmentation_fault	SIGSEGV	method_vectorcall_O@Objects/descrobject.c:476	method_vectorcall_O@Objects/descrobject.c:476;_Py_VectorCallInstrumentation_StackRefSteal@Python/ceval.c:768;_PyEval_EvalFrameDefault@Python/generated_cases.c.h:1906;
python-7/warnings-segmentation_fault-exitcode1	SIGSEGV	method_vectorcall_O@Objects/descrobject.c:476	method_vectorcall_O@Objects/descrobject.c:476;_Py_VectorCallInstrumentation_StackRefSteal@Python/ceval.c:768;_PyEval_EvalFrameDefault@Python/generated_cases.c.h:1906;
python-7/webbrowser-segmentation_fault-2	SIGSEGV	_PyMem_DebugCheckAddress@Objects/obmalloc.c:3344	_PyMem_DebugCheckAddress@Objects/obmalloc.c:3344;_PyMem_DebugRawFree@Objects/obmalloc.c:3166;free_list_items@Objects/listobject.c:68;
python-7/webbrowser-segmentation_fault	SIGSEGV	_PyMem_DebugCheckAddress@Objects/obmalloc.c:3344	_PyMem_DebugCheckAddress@Objects/obmalloc.c:3344;_PyMem_DebugRawFree@Objects/obmalloc.c:3166;free_list_items@Objects/listobject.c:68;
python-7/xml_dom_minidom-segmentation_fault-2	SIGABRT	fatal_error_exit@Python/pylifecycle.c:3517	fatal_error_exit@Python/pylifecycle.c:3517;fatal_error@Python/pylifecycle.c:3742;_Py_FatalErrorFunc@Python/pylifecycle.c:3765;
python-7/xml_dom_minidom-segmentation_fault-3	SIGABRT	fatal_error_exit@Python/pylifecycle.c:3517	fatal_error_exit@Python/pylifecycle.c:3517;fatal_error@Python/pylifecycle.c:3742;_Py_FatalErrorFunc@Python/pylifecycle.c:3765;
python-7/xml_dom_minidom-segmentation_fault-4	SIGABRT	fatal_error_exit@Python/pylifecycle.c:3517	fatal_error_exit@Python/pylifecycle.c:3517;fatal_error@Python/pylifecycle.c:3742;_Py_FatalErrorFunc@Python/pylifecycle.c:3765;
python-7/xml_dom_minidom-segmentation_fault	SIGABRT	fatal_error_exit@Python/pylifecycle.c:3517	fatal_error_exit@Python/pylifecycle.c:3517;fatal_error@Python/pylifecycle.c:3742;_Py_FatalErrorFunc@Python/pylifecycle.c:3765;
python-7/xml_dom_pulldom-segmentation_fault	SIGABRT	fatal_error_exit@Python/pylifecycle.c:3517	fatal_error_exit@Python/pylifecycle.c:3517;fatal_error@Python/pylifecycle.c:3742;_Py_FatalErrorFunc@Python/pylifecycle.c:3765;
python-7/xml_etree_ElementInclude-segmentation_fault-exitcode1	SIGSEGV	warn_unicode@Python/_warnings.c:1335	warn_unicode@Python/_warnings.c:1335;PyErr_WarnEx@Python/_warnings.c:1408;type_call@Objects/typeobject.c:2484;
python-7/xml_etree_ElementInclude-segmentation_fault	SIGSEGV	_PyMem_DebugCheckAddress@Objects/obmalloc.c:3344	_PyMem_DebugCheckAddress@Objects/obmalloc.c:3344;_PyMem_DebugRawFree@Objects/obmalloc.c:3166;free_list_items@Objects/listobject.c:68;
python-7/xml_etree_ElementTree-segmentation_fault	NOREPRO	?	;
python-7/xml_etree_cElementTree-segmentation_fault-2	NOREPRO	?	;
python-7/xml_etree_cElementTree-segmentation_fault-3	NOREPRO	?	;
python-7/xml_etree_cElementTree-segmentation_fault-4	NOREPRO	?	;
python-7/xml_etree_cElementTree-segmentation_fault-5	NOREPRO	?	;
python-7/xml_etree_cElementTree-segmentation_fault-exitcode1	SIGSEGV	_PyMem_DebugCheckAddress@Objects/obmalloc.c:3344	_PyMem_DebugCheckAddress@Objects/obmalloc.c:3344;_PyMem_DebugRawFree@Objects/obmalloc.c:3166;free_list_items@Objects/listobject.c:68;
python-7/xml_etree_cElementTree-segmentation_fault	NOREPRO	?	;
python-7/xml_sax_saxutils-segmentation_fault	SIGSEGV	warn_unicode@Python/_warnings.c:1335	warn_unicode@Python/_warnings.c:1335;_PyErr_WarnFormatV@Python/_warnings.c:1355;PyErr_ResourceWarning@Python/_warnings.c:1394;
python-7/zipfile__path-segmentation_fault-2	SIGABRT	_Py_BuiltinCallFastWithKeywords_StackRef@Python/ceval.c:843	_Py_BuiltinCallFastWithKeywords_StackRef@Python/ceval.c:843;_PyEval_EvalFrameDefault@Python/generated_cases.c.h:2603;PyEval_EvalCode@Python/ceval.c:679;
python-7/zipapp-segmentation_fault	SIGSEGV	_PyMem_DebugCheckAddress@Objects/obmalloc.c:3344	_PyMem_DebugCheckAddress@Objects/obmalloc.c:3344;_PyMem_DebugRawFree@Objects/obmalloc.c:3166;free_list_items@Objects/listobject.c:68;
python-7/zipfile__path-segmentation_fault-3	SIGABRT	_Py_BuiltinCallFastWithKeywords_StackRef@Python/ceval.c:843	_Py_BuiltinCallFastWithKeywords_StackRef@Python/ceval.c:843;_PyEval_EvalFrameDefault@Python/generated_cases.c.h:2603;PyEval_EvalCode@Python/ceval.c:679;
python-7/zipfile__path-segmentation_fault	SIGABRT	_Py_BuiltinCallFastWithKeywords_StackRef@Python/ceval.c:843	_Py_BuiltinCallFastWithKeywords_StackRef@Python/ceval.c:843;_PyEval_EvalFrameDefault@Python/generated_cases.c.h:2603;PyEval_EvalCode@Python/ceval.c:679;
python-7/zipfile__path-segmentation_fault-exitcode1	SIGABRT	_Py_BuiltinCallFastWithKeywords_StackRef@Python/ceval.c:843	_Py_BuiltinCallFastWithKeywords_StackRef@Python/ceval.c:843;_PyEval_EvalFrameDefault@Python/generated_cases.c.h:2603;PyEval_EvalCode@Python/ceval.c:679;
python-7/zipfile__path__functools-segmentation_fault-2	SIGABRT	_Py_BuiltinCallFastWithKeywords_StackRef@Python/ceval.c:843	_Py_BuiltinCallFastWithKeywords_StackRef@Python/ceval.c:843;_PyEval_EvalFrameDefault@Python/generated_cases.c.h:2603;PyEval_EvalCode@Python/ceval.c:679;
python-7/zipfile__path__functools-segmentation_fault-3	SIGABRT	_Py_BuiltinCallFastWithKeywords_StackRef@Python/ceval.c:843	_Py_BuiltinCallFastWithKeywords_StackRef@Python/ceval.c:843;_PyEval_EvalFrameDefault@Python/generated_cases.c.h:2603;PyEval_EvalCode@Python/ceval.c:679;
python-7/zipfile__path__functools-segmentation_fault-4	SIGABRT	_Py_BuiltinCallFastWithKeywords_StackRef@Python/ceval.c:843	_Py_BuiltinCallFastWithKeywords_StackRef@Python/ceval.c:843;_PyEval_EvalFrameDefault@Python/generated_cases.c.h:2603;PyEval_EvalCode@Python/ceval.c:679;
python-7/zipfile__path__functools-segmentation_fault-5	SIGABRT	_Py_BuiltinCallFastWithKeywords_StackRef@Python/ceval.c:843	_Py_BuiltinCallFastWithKeywords_StackRef@Python/ceval.c:843;_PyEval_EvalFrameDefault@Python/generated_cases.c.h:2603;PyEval_EvalCode@Python/ceval.c:679;
python-7/zipfile__path__functools-segmentation_fault-6	SIGABRT	_Py_BuiltinCallFastWithKeywords_StackRef@Python/ceval.c:843	_Py_BuiltinCallFastWithKeywords_StackRef@Python/ceval.c:843;_PyEval_EvalFrameDefault@Python/generated_cases.c.h:2603;PyEval_EvalCode@Python/ceval.c:679;
python-7/zipfile__path__functools-segmentation_fault-7	SIGABRT	_Py_BuiltinCallFastWithKeywords_StackRef@Python/ceval.c:843	_Py_BuiltinCallFastWithKeywords_StackRef@Python/ceval.c:843;_PyEval_EvalFrameDefault@Python/generated_cases.c.h:2603;PyEval_EvalCode@Python/ceval.c:679;
python-7/zipfile__path__functools-segmentation_fault	SIGABRT	_Py_BuiltinCallFastWithKeywords_StackRef@Python/ceval.c:843	_Py_BuiltinCallFastWithKeywords_StackRef@Python/ceval.c:843;_PyEval_EvalFrameDefault@Python/generated_cases.c.h:2603;PyEval_EvalCode@Python/ceval.c:679;
python-7/zipfile__path_glob-segmentation_fault-2	SIGABRT	fatal_error_exit@Python/pylifecycle.c:3517	fatal_error_exit@Python/pylifecycle.c:3517;fatal_error@Python/pylifecycle.c:3742;_Py_FatalErrorFunc@Python/pylifecycle.c:3765;
python-7/zipfile__path_glob-segmentation_fault-3	SIGABRT	fatal_error_exit@Python/pylifecycle.c:3517	fatal_error_exit@Python/pylifecycle.c:3517;fatal_error@Python/pylifecycle.c:3742;_Py_FatalErrorFunc@Python/pylifecycle.c:3765;
python-7/zipfile__path_glob-segmentation_fault	SIGABRT	fatal_error_exit@Python/pylifecycle.c:3517	fatal_error_exit@Python/pylifecycle.c:3517;fatal_error@Python/pylifecycle.c:3742;_Py_FatalErrorFunc@Python/pylifecycle.c:3765;
python-7/zlib-segmentation_fault	SIGSEGV	warn_unicode@Python/_warnings.c:1335	warn_unicode@Python/_warnings.c:1335;PyErr_WarnEx@Python/_warnings.c:1408;cfunction_vectorcall_FASTCALL@Objects/methodobject.c:449;
python-7/zoneinfo__zoneinfo-segmentation_fault	SIGABRT	clear_freelist@Objects/object.c:909	clear_freelist@Objects/object.c:909;_PyGC_ClearAllFreeLists@Python/gc_free_threading.c:2902;PyGC_Collect@Python/gc_free_threading.c:2559;
