python-4/concurrent_futures_process-segmentation_fault	SIGABRT	_Py_NegativeRefcount@Objects/object.c:275	_Py_NegativeRefcount@Objects/object.c:275;_PyFrame_ClearLocals@Python/frame.c:101;_PyFrame_ClearExceptCode@Python/frame.c:126;
python-4/zipapp-segmentation_fault	SIGABRT	dictiter_dealloc@Objects/dictobject.c:5532	dictiter_dealloc@Objects/dictobject.c:5532;_Py_Dealloc@Objects/object.c:3319;dictiter_new@Objects/dictobject.c:5516;
python-5/xml_dom_minidom-segmentation_fault	SIGABRT	_Py_NegativeRefcount@Objects/object.c:275	_Py_NegativeRefcount@Objects/object.c:275;_PyFrame_ClearLocals@Python/frame.c:101;_PyFrame_ClearExceptCode@Python/frame.c:126;
python-5/xml_dom_pulldom-segmentation_fault-2	SIGABRT	_Py_NegativeRefcount@Objects/object.c:275	_Py_NegativeRefcount@Objects/object.c:275;_PyFrame_ClearLocals@Python/frame.c:101;_PyFrame_ClearExceptCode@Python/frame.c:126;
python-5/xmlrpc_client-segmentation_fault	SIGABRT	code_dealloc@Objects/codeobject.c:2440	code_dealloc@Objects/codeobject.c:2440;_Py_Dealloc@Objects/object.c:3319;_PyCode_New@Objects/codeobject.c:747;
python-5/zipfile__path_glob-segmentation_fault-2	SIGABRT	dictiter_dealloc@Objects/dictobject.c:5532	dictiter_dealloc@Objects/dictobject.c:5532;_Py_Dealloc@Objects/object.c:3319;dictiter_new@Objects/dictobject.c:5516;
python-5/zipfile__path_glob-segmentation_fault	SIGABRT	dictiter_dealloc@Objects/dictobject.c:5532	dictiter_dealloc@Objects/dictobject.c:5532;_Py_Dealloc@Objects/object.c:3319;dictiter_new@Objects/dictobject.c:5516;
python-7/ast-segmentation_fault	SIGABRT	dictiter_dealloc@Objects/dictobject.c:5532	dictiter_dealloc@Objects/dictobject.c:5532;_Py_Dealloc@Objects/object.c:3319;dictiter_new@Objects/dictobject.c:5516;
python-7/code-exitcode1-segmentation_fault-2	SIGABRT	_Py_CheckSlotResult@Objects/call.c:80	_Py_CheckSlotResult@Objects/call.c:80;PyObject_DelItem@Objects/abstract.c:280;reload_singlephase_extension@Python/import.c:2011;
python-7/code-exitcode1-segmentation_fault-3	SIGABRT	_Py_CheckSlotResult@Objects/call.c:80	_Py_CheckSlotResult@Objects/call.c:80;PyObject_DelItem@Objects/abstract.c:280;reload_singlephase_extension@Python/import.c:2011;
python-7/multiprocessing_dummy-segmentation_fault	SIGABRT	_Py_NegativeRefcount@Objects/object.c:275	_Py_NegativeRefcount@Objects/object.c:275;_PyFrame_ClearLocals@Python/frame.c:101;_PyFrame_ClearExceptCode@Python/frame.c:126;
python-7/multiprocessing_reduction-exitcode1-segmentation_fault	SIGABRT	_Py_NegativeRefcount@Objects/object.c:275	_Py_NegativeRefcount@Objects/object.c:275;_PyFrame_ClearLocals@Python/frame.c:101;_PyFrame_ClearExceptCode@Python/frame.c:126;
python-7/xml_dom_minidom-segmentation_fault-2	SIGABRT	_Py_NegativeRefcount@Objects/object.c:275	_Py_NegativeRefcount@Objects/object.c:275;_PyFrame_ClearLocals@Python/frame.c:101;_PyFrame_ClearExceptCode@Python/frame.c:126;
python-7/xml_dom_minidom-segmentation_fault-3	SIGABRT	_Py_NegativeRefcount@Objects/object.c:275	_Py_NegativeRefcount@Objects/object.c:275;_PyFrame_ClearLocals@Python/frame.c:101;_PyFrame_ClearExceptCode@Python/frame.c:126;
python-7/xml_dom_minidom-segmentation_fault-4	SIGABRT	_Py_NegativeRefcount@Objects/object.c:275	_Py_NegativeRefcount@Objects/object.c:275;_PyFrame_ClearLocals@Python/frame.c:101;_PyFrame_ClearExceptCode@Python/frame.c:126;
python-7/xml_dom_minidom-segmentation_fault	SIGABRT	_Py_NegativeRefcount@Objects/object.c:275	_Py_NegativeRefcount@Objects/object.c:275;_PyFrame_ClearLocals@Python/frame.c:101;_PyFrame_ClearExceptCode@Python/frame.c:126;
python-7/xml_dom_pulldom-segmentation_fault	SIGABRT	_Py_NegativeRefcount@Objects/object.c:275	_Py_NegativeRefcount@Objects/object.c:275;_PyFrame_ClearLocals@Python/frame.c:101;_PyFrame_ClearExceptCode@Python/frame.c:126;
python-7/zipfile__path_glob-segmentation_fault-2	SIGABRT	dictiter_dealloc@Objects/dictobject.c:5532	dictiter_dealloc@Objects/dictobject.c:5532;_Py_Dealloc@Objects/object.c:3319;dictiter_new@Objects/dictobject.c:5516;
python-7/zipfile__path_glob-segmentation_fault-3	SIGABRT	dictiter_dealloc@Objects/dictobject.c:5532	dictiter_dealloc@Objects/dictobject.c:5532;_Py_Dealloc@Objects/object.c:3319;dictiter_new@Objects/dictobject.c:5516;
python-7/zipfile__path_glob-segmentation_fault	SIGABRT	dictiter_dealloc@Objects/dictobject.c:5532	dictiter_dealloc@Objects/dictobject.c:5532;_Py_Dealloc@Objects/object.c:3319;dictiter_new@Objects/dictobject.c:5516;
